month,平均值项:highest_tem,平均值项:lowest_tem,,h,l
0,10.25806452,3.129032258,,10.3,3.1
1,17.67857143,8.25,,17.7,8.3
2,19.70967742,11.32258065,,19.7,11.3
3,21.33333333,13.33333333,,21.3,13.3
4,26.32258065,17.77419355,,26.3,17.8
5,28.66666667,20.86666667,,28.7,20.9
6,31.80645161,23.25806452,,31.8,23.3
7,29.5483871,22.09677419,,29.5,22.1
8,28.13333333,20.53333333,,28.1,20.5
9,19.64516129,14.35483871,,19.6,14.4
10,14.4,7.966666667,,14.4,8
11,11.64516129,5.35483871,,11.6,5.4
